[
    {
        "id": "1",
        "name": "Aika Sano",
        "gender": "Mujer",
        "value": "100",
        "source": "Ane wa Yanmama Junyuu-chuu",
        "img": [
            "https://files.catbox.moe/235bpy.jpg",
            "https://qu.ax/YBTxn.jpg",
            "https://qu.ax/kXmQp.jpg"
        ],
        "vid": [
            "https://files.catbox.moe/video1_aika.mp4",
            "https://files.catbox.moe/video2_aika.mp4"
        ],
        "user": null,
        "status": "Libre",
        "votes": 0
    },
    {
        "id": "2",
        "name": "María Mikhailovna Kujou",
        "gender": "Mujer",
        "value": "100",
        "source": "Roshidere",
        "img": [
            "https://files.catbox.moe/x4hldw.jpg",
            "https://qu.ax/zfPFw.jpg",
            "https://qu.ax/VorZq.jpg"
        ],
        "vid": [
            "https://files.catbox.moe/video1_maria.mp4",
            "https://files.catbox.moe/video2_maria.mp4"
        ],
        "user": null,
        "status": "Libre",
        "votes": 0
    },
    {
        "id": "3",
        "name": "Mikasa Ackerman",
        "gender": "Mujer",
        "value": "100",
        "source": "Attack on Titan (Shingeki no Kyojin)",
        "img": [
            "https://files.catbox.moe/ob4m99.jpg",
            "https://qu.ax/AHfqs.jpg",
            "https://qu.ax/KlGLw.jpg"
        ],
        "vid": [
            "https://files.catbox.moe/video1_mikasa.mp4",
            "https://files.catbox.moe/video2_mikasa.mp4"
        ],
        "user": null,
        "status": "Libre",
        "votes": 0
    },
    {
        "id": "4",
        "name": "Izuku Midoriya",
        "gender": "Hombre",
        "value": "100",
        "source": "My Hero Academia",
        "img": [
            "https://files.catbox.moe/nrolaj.jpg",
            "https://qu.ax/hwnkV.jpg",
            "https://qu.ax/zPCOW.jpg"
        ],
        "vid": [
            "https://files.catbox.moe/video1_izuku.mp4",
            "https://files.catbox.moe/video2_izuku.mp4"
        ],
        "user": null,
        "status": "Libre",
        "votes": 0
    },
    {
        "id": "5",
        "name": "Misa Amane",
        "gender": "Mujer",
        "value": "100",
        "source": "Death Note",
        "img": [
            "https://files.catbox.moe/r4n149.jpg",
            "https://qu.ax/kAloi.jpg",
            "https://qu.ax/ofRlW.jpg"
        ],
        "vid": [
            "https://files.catbox.moe/video1_misa.mp4",
            "https://files.catbox.moe/video2_misa.mp4"
        ],
        "user": null,
        "status": "Libre",
        "votes": 0
    },
    {
        "id": "6",
        "name": "Asuna Yuuki",
        "gender": "Mujer",
        "value": "100",
        "source": "Sword Art Online",
        "img": [
            "https://files.catbox.moe/xgozvk.jpg",
            "https://qu.ax/bvYTv.jpg",
            "https://qu.ax/xPRxb.jpg"
        ],
        "vid": [
            "https://files.catbox.moe/video1_asuna.mp4",
            "https://files.catbox.moe/video2_asuna.mp4"
        ],
        "user": null,
        "status": "Libre",
        "votes": 0
    },
    {
        "id": "7",
        "name": "Erza Scarlet",
        "gender": "Mujer",
        "value": "100",
        "source": "Fairy Tail",
        "img": [
            "https://files.catbox.moe/x6xgkj.jpg",
            "https://qu.ax/rmQfn.jpg",
            "https://qu.ax/gWAbW.jpg"
        ],
        "vid": [
            "https://files.catbox.moe/video1_erza.mp4",
            "https://files.catbox.moe/video2_erza.mp4"
        ],
        "user": null,
        "status": "Libre",
        "votes": 0
    },
    {
        "id": "8",
        "name": "Kurumi Tokisaki",
        "gender": "Mujer",
        "value": "100",
        "source": "Date Alive",
        "img": [
            "https://files.catbox.moe/iek7q7.jpg",
            "https://qu.ax/uYUyP.jpg",
            "https://qu.ax/RTMak.jpg"
        ],
        "vid": [
            "https://files.catbox.moe/video1_kurumi.mp4",
            "https://files.catbox.moe/video2_kurumi.mp4"
        ],
        "user": null,
        "status": "Libre",
        "votes": 0
    },
    {
        "id": "9",
        "name": "Momo Deviluke",
        "gender": "Mujer",
        "value": "100",
        "source": "To Love Ru",
        "img": [
            "https://files.catbox.moe/hnrpb4.jpg",
            "https://qu.ax/XZetc.jpg",
            "https://qu.ax/jYLBF.jpg"
        ],
        "vid": [
            "https://files.catbox.moe/video1_momo.mp4",
            "https://files.catbox.moe/video2_momo.mp4"
        ],
        "user": null,
        "status": "Libre",
        "votes": 0
    },
    {
        "id": "10",
        "name": "Nino Nakano",
        "gender": "Mujer",
        "value": "100",
        "source": "The Quintessential Quintuplets",
        "img": [
            "https://files.catbox.moe/47dj4n.jpg",
            "https://qu.ax/kJMMm.jpg",
            "https://qu.ax/HMFcR.jpg"
        ],
        "vid": [
            "https://files.catbox.moe/video1_nino.mp4",
            "https://files.catbox.moe/video2_nino.mp4"
        ],
        "user": null,
        "status": "Libre",
        "votes": 0
    },
    {
        "id": "11",
        "name": "Ryou Yamada",
        "gender": "Mujer",
        "value": "100",
        "source": "Bocchi the Rock",
        "img": [
            "https://files.catbox.moe/rb8jh8.jpg",
            "https://qu.ax/CYBgQ.jpg",
            "https://qu.ax/Sewbw.jpg"
        ],
        "vid": [
            "https://files.catbox.moe/video1_ryo.mp4",
            "https://files.catbox.moe/video2_ryo.mp4"
        ],
        "user": null,
        "status": "Libre",
        "votes": 0
    },
    {
        "id": "12",
        "name": "Sumi Sakurasawa",
        "gender": "Mujer",
        "value": "100",
        "source": "Rent a Girlfriend",
        "img": [
            "https://files.catbox.moe/27qdmn.jpg",
            "https://qu.ax/lbZBp.jpg",
            "https://qu.ax/rybxb.jpg"
        ],
        "vid": [
            "https://files.catbox.moe/video1_sumi.mp4",
            "https://files.catbox.moe/video2_sumi.mp4"
        ],
        "user": null,
        "status": "Libre",
        "votes": 0
    },
    {
        "id": "13",
        "name": "Umaru Doma",
        "gender": "Mujer",
        "value": "100",
        "source": "Himouto! Umaru-chan",
        "img": [
            "https://files.catbox.moe/ddvqbg.jpg",
            "https://qu.ax/EjAGl.jpg",
            "https://qu.ax/OZQLP.jpg"
        ],
        "vid": [
            "https://files.catbox.moe/video1_umaru.mp4",
            "https://files.catbox.moe/video2_umaru.mp4"
        ],
        "user": null,
        "status": "Libre",
        "votes": 0
    },
    {
        "id": "14",
        "name": "Chizuru Mizuhara",
        "gender": "Mujer",
        "value": "100",
        "source": "Rent a Girlfriend",
        "img": [
            "https://files.catbox.moe/lxger4.jpg",
            "https://qu.ax/giKJO.jpg",
            "https://qu.ax/ELJkY.jpg"
        ],
        "vid": [
            "https://files.catbox.moe/video1_chizuru.mp4",
            "https://files.catbox.moe/video2_chizuru.mp4"
        ],
        "user": null,
        "status": "Libre",
        "votes": 0
    },
    {
        "id": "15",
        "name": "Makima",
        "gender": "Mujer",
        "value": "100",
        "source": "Chainsaw Man",
        "img": [
            "https://files.catbox.moe/aj36wd.jpg",
            "https://qu.ax/xwEhW.jpg",
            "https://qu.ax/Pwfiz.jpg"
        ],
        "vid": [
            "https://files.catbox.moe/video1_makima.mp4",
            "https://files.catbox.moe/video2_makima.mp4"
        ],
        "user": null,
        "status": "Libre",
        "votes": 0
    },
    {
        "id": "16",
        "name": "Power",
        "gender": "Mujer",
        "value": "100",
        "source": "Chainsaw Man",
        "img": [
            "https://files.catbox.moe/zhcwn7.jpg",
            "https://qu.ax/vnxSm.jpg",
            "https://qu.ax/PyHFz.jpg"
        ],
        "vid": [
            "https://files.catbox.moe/video1_power.mp4",
            "https://files.catbox.moe/video2_power.mp4"
        ],
        "user": null,
        "status": "Libre",
        "votes": 0
    },
    {
        "id": "17",
        "name": "Yuliet Persia",
        "gender": "Mujer",
        "value": "100",
        "source": "Kishuku Gakkou no Juliet",
        "img": [
            "https://files.catbox.moe/qdlb4n.jpg",
            "https://qu.ax/WwlFQ.jpg",
            "https://qu.ax/jJjDB.jpg"
        ],
        "vid": [
            "https://files.catbox.moe/video1_yuliet.mp4",
            "https://files.catbox.moe/video2_yuliet.mp4"
        ],
        "user": null,
        "status": "Libre",
        "votes": 0
    },
    {
        "id": "18",
        "name": "Kisara",
        "gender": "Mujer",
        "value": "100",
        "source": "Engage Kiss",
        "img": [
            "https://files.catbox.moe/yb9cd1.jpg",
            "https://qu.ax/GNdrP.jpg",
            "https://qu.ax/BgfYG.jpg"
        ],
        "vid": [
            "https://files.catbox.moe/video1_kisara.mp4",
            "https://files.catbox.moe/video2_kisara.mp4"
        ],
        "user": null,
        "status": "Libre",
        "votes": 0
    },
    {
        "id": "19",
        "name": "Raphtalia",
        "gender": "Mujer",
        "value": "100",
        "source": "Tate no Yuusha no Nariagari",
        "img": [
            "https://files.catbox.moe/dieynb.jpg",
            "https://qu.ax/TYBLz.jpg",
            "https://qu.ax/vmNbc.jpg"
        ],
        "vid": [
            "https://files.catbox.moe/video1_raphtalia.mp4",
            "https://files.catbox.moe/video2_raphtalia.mp4"
        ],
        "user": null,
        "status": "Libre",
        "votes": 0
    },
    {
        "id": "20",
        "name": "Ai Hoshino",
        "gender": "Mujer",
        "value": "100",
        "source": "Oshi no Ko",
        "img": [
            "https://files.catbox.moe/w680ix.jpg",
            "https://qu.ax/TPDaX.jpg",
            "https://qu.ax/MHwRR.jpg"
        ],
        "vid": [
            "https://files.catbox.moe/video1_ai.mp4",
            "https://files.catbox.moe/video2_ai.mp4"
        ],
        "user": null,
        "status": "Libre",
        "votes": 0
    },
    {
        "id": "21",
        "name": "Alisa Mikhailovna Kujou",
        "gender": "Mujer",
        "value": "100",
        "source": "Roshidere",
        "img": [
            "https://files.catbox.moe/6vw81z.jpg",
            "https://qu.ax/mOlCw.jpg",
            "https://qu.ax/xTfZY.jpg"
        ],
        "vid": [
            "https://files.catbox.moe/video1_alisa.mp4",
            "https://files.catbox.moe/video2_alisa.mp4"
        ],
        "user": null,
        "status": "Libre",
        "votes": 0
    },
    {
        "id": "22",
        "name": "Mukuro Hoshimiya",
        "gender": "Mujer",
        "value": "100",
        "source": "Date A Live",
        "img": [
            "https://files.catbox.moe/r8wufk.jpg",
            "https://qu.ax/zaMwf.jpg",
            "https://qu.ax/pGFSX.jpg"
        ],
        "vid": [
            "https://files.catbox.moe/video1_mukuro.mp4",
            "https://files.catbox.moe/video2_mukuro.mp4"
        ],
        "user": null,
        "status": "Libre",
        "votes": 0
    },
    {
        "id": "23",
        "name": "Hashihime",
        "gender": "desconocido",
        "value": "100",
        "source": "Ayashimon",
        "img": [
            "https://files.catbox.moe/9t2j5o.jpg",
            "https://qu.ax/bTZFH.jpg",
            "https://qu.ax/Tssms.jpg"
        ],
        "vid": [
            "https://files.catbox.moe/video1_hashihime.mp4",
            "https://files.catbox.moe/video2_hashihime.mp4"
        ],
        "user": null,
        "status": "Libre",
        "votes": 0
    },
    {
        "id": "24",
        "name": "Jed",
        "gender": "Mujer",
        "value": "100",
        "source": "Gundam Series",
        "img": [
            "https://files.catbox.moe/w6ogit.jpg",
            "https://qu.ax/wHZmp.jpg",
            "https://qu.ax/KERtg.jpg"
        ],
        "vid": [
            "https://files.catbox.moe/video1_jed.mp4",
            "https://files.catbox.moe/video2_jed.mp4"
        ],
        "user": null,
        "status": "Libre",
        "votes": 0
    },
    {
        "id": "25",
        "name": "Duke Fleed",
        "gender": "Desconocido",
        "value": "100",
        "source": "Mazinger Z",
        "img": [
            "https://files.catbox.moe/ww97r9.jpg",
            "https://qu.ax/FyDNi.jpg",
            "https://qu.ax/Cjpim.jpg"
        ],
        "vid": [
            "https://files.catbox.moe/video1_duke.mp4",
            "https://files.catbox.moe/video2_duke.mp4"
        ],
        "user": null,
        "status": "Libre",
        "votes": 0
    },
    {
        "id": "26",
        "name": "Dee Ensy Stratmitos",
        "gender": "Mujer",
        "value": "100",
        "source": "Kamisama no Inai Nichiyoubi",
        "img": [
            "https://files.catbox.moe/5ulred.jpg",
            "https://qu.ax/EFhVY.jpg",
            "https://qu.ax/SagqZ.jpg"
        ],
        "vid": [
            "https://files.catbox.moe/video1_dee.mp4",
            "https://files.catbox.moe/video2_dee.mp4"
        ],
        "user": null,
        "status": "Libre",
        "votes": 0
    },
    {
        "id": "27",
        "name": "Lloyd Frontera",
        "gender": "Hombre",
        "value": "100",
        "source": "The Greatest Estate Developer",
        "img": [
            "https://qu.ax/Sysvj.jpg",
            "https://qu.ax/DswSd.jpg",
            "https://qu.ax/WNwZk.jpg"
        ],
        "vid": [
            "https://files.catbox.moe/video1_lloyd.mp4",
            "https://files.catbox.moe/video2_lloyd.mp4"
        ],
        "user": null,
        "status": "Libre",
        "votes": 0
    },
    {
        "id": "28",
        "name": "Disk",
        "gender": "Mujer",
        "value": "100",
        "source": "Needless",
        "img": [
            "https://files.catbox.moe/50rze9.jpg",
            "https://qu.ax/JoeXu.jpg",
            "https://qu.ax/fzJYz.jpg"
        ],
        "vid": [
            "https://files.catbox.moe/video1_disk.mp4",
            "https://files.catbox.moe/video2_disk.mp4"
        ],
        "user": null,
        "status": "Libre",
        "votes": 0
    },
    {
        "id": "29",
        "name": "Holt",
        "gender": "Mujer",
        "value": "100",
        "source": "Mahoutsukai Reimeiki",
        "img": [
            "https://qu.ax/QAHgi.jpg",
            "https://qu.ax/DdNqT.jpg",
            "https://qu.ax/YFHNv.jpg"
        ],
        "vid": [
            "https://files.catbox.moe/video1_holt.mp4",
            "https://files.catbox.moe/video2_holt.mp4"
        ],
        "user": null,
        "status": "Libre",
        "votes": 0
    },
    {
        "id": "30",
        "name": "Hitomi Tsukishiro",
        "gender": "Mujer",
        "value": "100",
        "source": "Irozuku Sekai no Ashita kara",
        "img": [
            "https://files.catbox.moe/bllzo3.jpg",
            "https://qu.ax/mqccn.jpg",
            "https://qu.ax/YPyLl.jpg"
        ],
        "vid": [
            "https://files.catbox.moe/video1_hitomi.mp4",
            "https://files.catbox.moe/video2_hitomi.mp4"
        ],
        "user": null,
        "status": "Libre",
        "votes": 0
    },
    {
        "id": "31",
        "name": "Megumi Kayano",
        "gender": "Mujer",
        "value": "100",
        "source": "Persona: Trinity Soul",
        "img": [
            "https://files.catbox.moe/ylfgdv.jpg",
            "https://qu.ax/cqhJZ.jpg",
            "https://qu.ax/KMVpJ.jpg"
        ],
        "vid": [
            "https://files.catbox.moe/video1_megumi.mp4",
            "https://files.catbox.moe/video2_megumi.mp4"
        ],
        "user": null,
        "status": "Libre",
        "votes": 0
    },
    {
        "id": "32",
        "name": "Yuki Suou",
        "gender": "Mujer",
        "value": "100",
        "source": "Roshidere",
        "img": [
            "https://qu.ax/FLtku.jpg",
            "https://qu.ax/LCmkA.jpg",
            "https://qu.ax/scvbZ.jpg"
        ],
        "vid": [
            "https://files.catbox.moe/video1_yuki.mp4",
            "https://files.catbox.moe/video2_yuki.mp4"
        ],
        "user": null,
        "status": "Libre",
        "votes": 0
    },
    {
        "id": "33",
        "name": "Akaza Akari",
        "gender": "Mujer",
        "value": "100",
        "source": "YuruYuri",
        "img": [
            "https://qu.ax/FLtku.jpg",
            "https://qu.ax/dcVVy.jpg",
            "https://qu.ax/maScr.jpg"
        ],
        "vid": [
            "https://files.catbox.moe/video1_akaza.mp4",
            "https://files.catbox.moe/video2_akaza.mp4"
        ],
        "user": null,
        "status": "Libre",
        "votes": 0
    },
    {
        "id": "34",
        "name": "Bulma",
        "gender": "Mujer",
        "value": "100",
        "source": "Dragon ball",
        "img": [
            "https://qu.ax/uBpyt.jpg",
            "https://qu.ax/OBUQl.jpg",
            "https://qu.ax/waLgJ.jpg"
        ],
        "vid": [
            "https://files.catbox.moe/video1_bulma.mp4",
            "https://files.catbox.moe/video2_bulma.mp4"
        ],
        "user": null,
        "status": "Libre",
        "votes": 0
    },
    {
        "id": "35",
        "name": "Ruby Hoshino",
        "gender": "Mujer",
        "value": "100",
        "source": "Oshi no Ko",
        "img": [
            "https://qu.ax/zmjmq.jpg",
            "https://qu.ax/zgOfy.jpg",
            "https://qu.ax/dteiu.jpg"
        ],
        "vid": [
            "https://files.catbox.moe/video1_ruby.mp4",
            "https://files.catbox.moe/video2_ruby.mp4"
        ],
        "user": null,
        "status": "Libre",
        "votes": 0
    },
    {
        "id": "36",
        "name": "Cid Kagenou",
        "gender": "Hombre",
        "value": "100",
        "source": "Kage no Jitsuryokusha ni Naritakute!",
        "img": [
            "https://qu.ax/ktUeJ.jpg",
            "https://qu.ax/tsElu.jpg",
            "https://qu.ax/jMTKS.jpg"
        ],
        "vid": [
            "https://files.catbox.moe/video1_cid.mp4",
            "https://files.catbox.moe/video2_cid.mp4"
        ],
        "user": null,
        "status": "Libre",
        "votes": 0
    },
    {
        "id": "37",
        "name": "Arthur Leywin",
        "gender": "Hombre",
        "value": "100",
        "source": "The Beginning After the End",
        "img": [
            "https://qu.ax/QPBqr.jpg",
            "https://qu.ax/cFBNx.jpg",
            "https://qu.ax/gWuqE.jpg"
        ],
        "vid": [
            "https://files.catbox.moe/video1_arthur.mp4",
            "https://files.catbox.moe/video2_arthur.mp4"
        ],
        "user": null,
        "status": "Libre",
        "votes": 0
    },
    {
        "id": "38",
        "name": "Sung Jin-woo",
        "gender": "Hombre",
        "value": "100",
        "source": "Solo Leveling",
        "img": [
            "https://qu.ax/TmnJn.jpg",
            "https://qu.ax/VjdOT.jpg",
            "https://qu.ax/cdncR.jpg"
        ],
        "vid": [
            "https://files.catbox.moe/video1_sung.mp4",
            "https://files.catbox.moe/video2_sung.mp4"
        ],
        "user": null,
        "status": "Libre",
        "votes": 0
    },
    {
        "id": "39",
        "name": "Shinra Kusakabe",
        "gender": "Hombre",
        "value": "100",
        "source": "Fire Force",
        "img": [
            "https://qu.ax/lpGkg.jpg",
            "https://qu.ax/zxANp.jpg",
            "https://qu.ax/HbAHx.jpg"
        ],
        "vid": [
            "https://files.catbox.moe/video1_shinra.mp4",
            "https://files.catbox.moe/video2_shinra.mp4"
        ],
        "user": null,
        "status": "Libre",
        "votes": 0
    },
    {
        "id": "40",
        "name": "Alucard",
        "gender": "Hombre",
        "value": "100",
        "source": "Hellsing",
        "img": [
            "https://qu.ax/cSNzR.jpg",
            "https://qu.ax/aVNHk.jpg",
            "https://qu.ax/UVdOs.jpg"
        ],
        "vid": [
            "https://files.catbox.moe/video1_alucard.mp4",
            "https://files.catbox.moe/video2_alucard.mp4"
        ],
        "user": null,
        "status": "Libre",
        "votes": 0
    },
    {
        "id": "41",
        "name": "Benimaru Shinmon",
        "gender": "Hombre",
        "value": "100",
        "source": "Fire Force",
        "img": [
            "https://qu.ax/gzgiR.jpg",
            "https://qu.ax/mnpWt.jpg",
            "https://qu.ax/oJEVq.jpg"
        ],
        "vid": [
            "https://files.catbox.moe/video1_benimaru.mp4",
            "https://files.catbox.moe/video2_benimaru.mp4"
        ],
        "user": null,
        "status": "Libre",
        "votes": 0
    },
    {
        "id": "42",
        "name": "Light Yagami",
        "gender": "Hombre",
        "value": "100",
        "source": "Death Note",
        "img": [
            "https://qu.ax/zZfvr.jpg",
            "https://qu.ax/aWxKU.jpg",
            "https://qu.ax/mrYwV.jpg"
        ],
        "vid": [
            "https://files.catbox.moe/video1_light.mp4",
            "https://files.catbox.moe/video2_light.mp4"
        ],
        "user": null,
        "status": "Libre",
        "votes": 0
    },
    {
        "id": "43",
        "name": "Rika Takanashi",
        "gender": "Mujer",
        "value": "100",
        "source": "Chūnibyō Demo Koi ga Shitai!",
        "img": [
            "https://files.catbox.moe/hm4h1t.jpg",
            "https://files.catbox.moe/ei3tsm.jpg",
            "https://files.catbox.moe/kkms3p.jpg"
        ],
        "vid": [
            "https://files.catbox.moe/video1_light.mp4",
            "https://files.catbox.moe/video2_light.mp4"
        ],
        "user": null,
        "status": "Libre",
        "votes": 0
    },
    {
        "id": "44",
        "name": "Yui",
        "gender": "Mujer",
        "value": "100",
        "source": "K-on",
        "img": [
            "https://files.catbox.moe/zsk6ae.jpg",
            "https://files.catbox.moe/0woxlo.jpg",
            "https://files.catbox.moe/0c5fm6.jpg"
        ],
        "vid": [
            "https://files.catbox.moe/video1_light.mp4",
            "https://files.catbox.moe/video2_light.mp4"
        ],
        "user": null,
        "status": "Libre",
        "votes": 0
    },
    {
        "id": "45",
        "name": "Thor",
        "gender": "Hombre",
        "value": "100",
        "source": "Record of Ragnarok",
        "img": [
            "https://qu.ax/HjyuD.jpg",
            "https://qu.ax/vVXKq.jpg",
            "https://qu.ax/mgJNq.jpg"
        ],
        "vid": [
            "https://files.catbox.moe/video1_light.mp4",
            "https://files.catbox.moe/video2_light.mp4"
        ],
        "user": null,
        "status": "Libre",
        "votes": 0
    },
    {
        "id": "46",
        "name": "Brunhilde",
        "gender": "mujer",
        "value": "100",
        "source": "Record of Ragnarok",
        "img": [
            "https://qu.ax/iQrlL.jpg",
            "https://qu.ax/snsgd.jpg",
            " https://qu.ax/GNzHF.jpg "
        ],
        "vid": [
            "https://files.catbox.moe/video1_light.mp4",
            "https://files.catbox.moe/video2_light.mp4"
        ],
        "user": null,
        "status": "Libre",
        "votes": 0
    },
    {
        "id": "47",
        "name": "Ryusei Shidou",
        "gender": "Hombre",
        "value": "100",
        "source": "Blue lock",
        "img": [
            "https://qu.ax/mubkD.jpg",
            "https://qu.ax/TSHYr.jpg",
            " https://qu.ax/iOmSO.jpg"
        ],
        "vid": [
            "https://files.catbox.moe/video1_light.mp4",
            "https://files.catbox.moe/video2_light.mp4"
        ],
        "user": null,
        "status": "Libre",
        "votes": 0
    },
    {
        "id": "48",
        "name": "Michael Kaiser Female",
        "gender": "Mujer",
        "value": "2000",
        "source": "Blue lock",
        "img": [
            "https://qu.ax/VmQpL.jpg",
            "https://qu.ax/SDchK.jpg",
            "https://qu.ax/Pzoie.jpg"
        ],
        "vid": [
            "https://files.catbox.moe/video1_light.mp4",
            "https://files.catbox.moe/video2_light.mp4"
        ],
        "user": null,
        "status": "Libre",
        "votes": 0
    },
    {
        "id": "49",
        "name": "Shidou fem",
        "gender": "Mujer",
        "value": "100",
        "source": "Blue lock",
        "img": [
            "https://qu.ax/XduTu.jpg",
            "https://qu.ax/QguJn.jpg",
            "https://qu.ax/iUElR.jpg"
        ],
        "vid": [
            "https://files.catbox.moe/video1_light.mp4",
            "https://files.catbox.moe/video2_light.mp4"
        ],
        "user": null,
        "status": "Libre",
        "votes": 0
    },
    {
        "id": "50",
        "name": "Michael Kaiser",
        "gender": "Masculino",
        "value": "100",
        "source": "Blue Lock",
        "img": [
            "https://qu.ax/JuQkt.jpg",
            "https://qu.ax/rsqkm.jpg",
            "https://qu.ax/DfrHo.jpg"
        ],
        "vid": [
            "https://files.catbox.moe/video1_light.mp4",
            "https://files.catbox.moe/video2_light.mp4"
        ],
        "user": null,
        "status": "Libre",
        "votes": 0
    },
    {
        "id": "51",
        "name": "Anri Teiri",
        "gender": "Mujer",
        "value": "100",
        "source": "Blue lock",
        "img": [
            "https://qu.ax/FKgGa.jpg",
            "https://qu.ax/LgQjt.jpg",
            "https://qu.ax/LfufH.jpg"
        ],
        "vid": [
            "https://files.catbox.moe/video1_light.mp4",
            "https://files.catbox.moe/video2_light.mp4"
        ],
        "user": null,
        "status": "Libre",
        "votes": 0
    },
    {
        "id": "52",
        "name": "Hilda De Polaris",
        "gender": "Mujer",
        "value": "100",
        "source": "Los Caballeros Del Zodiaco",
        "img": [
            "https://qu.ax/ZOtdp.jpg",
            "https://qu.ax/ySNrp.jpg",
            " https://qu.ax/osvBt.jpg"
        ],
        "vid": [
            "https://files.catbox.moe/video1_light.mp4",
            "https://files.catbox.moe/video2_light.mp4"
        ],
        "user": null,
        "status": "Libre",
        "votes": 0
    },
    {
        "id": "53",
        "name": "Apolo",
        "gender": "Masculino",
        "value": "100",
        "source": "Record Of Ragnarok",
        "img": [
            "https://qu.ax/ZHUPK.jpg",
            "https://qu.ax/rAXNH.jpg",
            "https://qu.ax/xaPab.jpg"
        ],
        "vid": [
            "https://files.catbox.moe/video1_light.mp4",
            "https://files.catbox.moe/video2_light.mp4"
        ],
        "user": null,
        "status": "Libre",
        "votes": 0
    },
    {
        "id": "54",
        "name": "Meliodas Liones",
        "gender": "Hombre",
        "value": "100",
        "source": "Nanatsu no Taizai",
        "img": [
             "https://qu.ax/Lfqrl.jpg",
             "https://qu.ax/zyElr.jpg",
             "https://qu.ax/NoovX.jpg"
        ],
        "vid": [
            "https://files.catbox.moe/video1_light.mp4",
            "https://files.catbox.moe/video2_light.mp4"
        ],
        "user": null,
        "status": "Libre",
        "votes": 0
    },
    {
        "id": "55",
        "name": "Giyuu Tomioka",
        "gender": "Hombre",
        "value": "100",
        "source": "Kimetsu No Yaiba",
        "img": [
             "https://qu.ax/Jerqt.jpg",
             "https://qu.ax/gmWPy.jpg",
             "https://qu.ax/vgYUy.jpg"
        ],
        "vid": [
            "https://files.catbox.moe/video1_light.mp4",
            "https://files.catbox.moe/video2_light.mp4"
        ],
        "user": null,
        "status": "Libre",
        "votes": 0
    },
    {
        "id": "56",
        "name": "Bakugou Katsuki",
        "gender": "Hombre",
        "value": "100",
        "source": "Boku no hero",
        "img": [
            "https://qu.ax/DgOWT.jpg",
            "https://qu.ax/PcGwH.jpg",
            "https://qu.ax/eitUZ.jpg"
        ],
        "vid": [
            "https://files.catbox.moe/video1_light.mp4",
            "https://files.catbox.moe/video2_light.mp4"
        ],
        "user": null,
        "status": "Libre",
        "votes": 0
    },
    {
        "id": "57",
        "name": "Satoru Gojo",
        "gender": "Hombre",
        "value": "100",
        "source": "Jujutsu kaisen",
        "img": [
            "https://qu.ax/kuWvK.jpg",
            "https://qu.ax/zfsnp.jpg",
            "https://qu.ax/oBnCU.jpg"
        ],
        "vid": [
            "https://files.catbox.moe/video1_light.mp4",
            "https://files.catbox.moe/video2_light.mp4"
        ],
        "user": null,
        "status": "Libre",
        "votes": 0
    },
    {
        "id": "58",
        "name": "Yuuji Itadori",
        "gender": "Hombre",
        "value": "100",
        "source": "Jujutsu Kaisen",
        "img": [
            "https://qu.ax/hZadm.jpg",
            "https://qu.ax/kvmwR.jpg",
            "https://qu.ax/pYORV.jpg"
        ],
        "vid": [
            "https://files.catbox.moe/video1_light.mp4",
            "https://files.catbox.moe/video2_light.mp4"
        ],
        "user": null,
        "status": "Libre",
        "votes": 0
    },
    {
        "id": "59",
        "name": "Naruto Uzumaki",
        "gender": "Hombre",
        "value": "100",
        "source": "Naruto",
        "img": [
            "https://qu.ax/fgUhy.jpg",
            "https://qu.ax/cryDV.jpg",
            "https://qu.ax/LBCtL.jpg"
        ],
        "vid": [
            "https://files.catbox.moe/video1_light.mp4",
            "https://files.catbox.moe/video2_light.mp4"
        ],
        "user": null,
        "status": "Libre",
        "votes": 0
    },
    {
        "id": "60",
        "name": "Violet Evergarden",
        "gender": "Mujer",
        "value": "100",
        "source": "Violet Evergarden",
        "img": [
            "https://qu.ax/nLhbZ.jpg",
            "https://qu.ax/CWoJh.jpg",
            "https://qu.ax/EoeGH.jpg"
        ],
        "vid": [
            "https://files.catbox.moe/video1_light.mp4",
            "https://files.catbox.moe/video2_light.mp4"
        ],
        "user": null,
        "status": "Libre",
        "votes": 0
    },
    {
        "id": "61",
        "name": "Momo Ayase",
        "gender": "Mujer",
        "value": "100",
        "source": "Dan Dan, Dan",
        "img": [
            "https://qu.ax/VGpmR.jpg",
            "https://qu.ax/XrZLb.jpg",
            "https://qu.ax/BSmdo.jpg"
        ],
        "vid": [
            "https://files.catbox.moe/video1_light.mp4",
            "https://files.catbox.moe/video2_light.mp4"
        ],
        "user": null,
        "status": "Libre",
        "votes": 0
    },
    {
        "id": "62",
        "name": "Monkey D. Luffy",
        "gender": "Hombre",
        "value": "100",
        "source": "One Piece",
        "img": [
            "https://qu.ax/qrpDp.jpg",
            "https://qu.ax/wnaQW.jpg",
            "https://qu.ax/OMrmK.jpg"
        ],
        "vid": [
            "https://files.catbox.moe/video1_light.mp4",
            "https://files.catbox.moe/video2_light.mp4"
        ],
        "user": null,
        "status": "Libre",
        "votes": 0
    },
    {
        "id": "63",
        "name": "Saitama",
        "gender": "Hombre",
        "value": "100",
        "source": "One Punch Man",
        "img": [
            "https://qu.ax/HWwqs.jpg",
            "https://qu.ax/iDyWa.jpg",
            " https://qu.ax/upPNx.jpg"
        ],
        "vid": [
            "https://files.catbox.moe/video1_light.mp4",
            "https://files.catbox.moe/video2_light.mp4"
        ],
        "user": null,
        "status": "Libre",
        "votes": 0
    },
    {
        "id": "64",
        "name": "Sanemi Shinazugawa",
        "gender": "Hombre",
        "value": "100",
        "source": "Kimetsu No Yaiba",
        "img": [
            "https://qu.ax/PXeLt.jpg",
            "https://qu.ax/zMfwj.jpg",
            "https://qu.ax/temrj.jpg"
        ],
        "vid": [
            "https://files.catbox.moe/video1_light.mp4",
            "https://files.catbox.moe/video2_light.mp4"
        ],
        "user": null,
        "status": "Libre",
        "votes": 0
    },
    {
        "id": "65",
        "name": "Tatsumaki",
        "gender": "Mujer",
        "value": "100",
        "source": "One Punch Man",
        "img": [
            "https://qu.ax/PoWib.jpg",
            "https://qu.ax/Fuwsg.jpg",
            "https://qu.ax/qNtGb.jpg"
        ],
        "vid": [
            "https://files.catbox.moe/video1_light.mp4",
            "https://files.catbox.moe/video2_light.mp4"
        ],
        "user": null,
        "status": "Libre",
        "votes": 0
    },
    {
        "id": "66",
        "name": "Reze",
        "gender": "Mujer",
        "value": "100",
        "source": "Chainsaw Man",
        "img": [
            "https://qu.ax/ohiic.jpg",
            "https://qu.ax/iTwbW.jpg",
            "https://qu.ax/JnmEJ.jpg"
        ],
        "vid": [
            "https://files.catbox.moe/video1_light.mp4",
            "https://files.catbox.moe/video2_light.mp4"
        ],
        "user": null,
        "status": "Libre",
        "votes": 0
    },
    {
        "id": "67",
        "name": "Asa Mitaka",
        "gender": "Mujer",
        "value": "100",
        "source": "Chainsaw Man",
        "img": [
            "https://qu.ax/wmGgS.jpg",
            "https://qu.ax/uZJzN.jpg",
            "https://qu.ax/oaiVL.jpg"
        ],
        "vid": [
            "https://files.catbox.moe/video1_light.mp4",
            "https://files.catbox.moe/video2_light.mp4"
        ],
        "user": null,
        "status": "Libre",
        "votes": 0
    },
    {
        "id": "68",
        "name": "Nari",
        "gender": "Mujer",
        "value": "100",
        "source": "My Landlady Noona",
        "img": [
            "https://qu.ax/nlrjX.jpg",
            "https://qu.ax/odTGU.jpg",
            "https://qu.ax/Lzrpg.jpg"
        ],
        "vid": [
            "https://files.catbox.moe/video1_light.mp4",
            "https://files.catbox.moe/video2_light.mp4"
        ],
        "user": null,
        "status": "Libre",
        "votes": 0
    },
    {
        "id": "69",
        "name": "Hari",
        "gender": "Mujer",
        "value": "100",
        "source": "My Landlady Noona",
        "img": [
            "https://qu.ax/VmpoD.jpg",
            "https://qu.ax/ZOblo.jpg",
            "https://qu.ax/cxOUf.jpg"
        ],
        "vid": [
            "https://files.catbox.moe/video1_light.mp4",
            "https://files.catbox.moe/video2_light.mp4"
        ],
        "user": null,
        "status": "Libre",
        "votes": 0
    },
    {
        "id": "70",
        "name": "Poseidón",
        "gender": "Masculino",
        "value": "100",
        "source": "Record Of Ragnarok",
        "img": [
            "https://qu.ax/azCDp.jpg",
            "https://qu.ax/nRTha.jpg",
            "https://qu.ax/ssBnH.jpg"
        ],
        "vid": [
            "https://files.catbox.moe/video1_light.mp4",
            "https://files.catbox.moe/video2_light.mp4"
        ],
        "user": null,
        "status": "Libre",
        "votes": 0
    },
    {
        "id": "71",
        "name": "Göndull",
        "gender": "Femenino",
        "value": "100",
        "source": "Record Of Ragnarok",
        "img": [
            "https://qu.ax/NmDJm.jpg",
            "https://qu.ax/evvez.jpg",
            "https://qu.ax/NgdKB.jpg"
        ],
        "vid": [
            "https://files.catbox.moe/video1_light.mp4",
            "https://files.catbox.moe/video2_light.mp4"
        ],
        "user": null,
        "status": "Libre",
        "votes": 0
    },
    {
        "id": "72",
        "name": "Sophie Min",
        "gender": "Mujer",
        "value": "100",
        "source": "Silent War",
        "img": [
            "https://qu.ax/vgusu.jpg",
            "https://qu.ax/ejPnL.jpg",
            "https://qu.ax/XsFFM.jpg"
        ],
        "vid": [
            "https://files.catbox.moe/video1_light.mp4",
            "https://files.catbox.moe/video2_light.mp4"
        ],
        "user": null,
        "status": "Libre",
        "votes": 0
    },
    {
        "id": "73",
        "name": "Anna Hong",
        "gender": "Mujer",
        "value": "100",
        "source": "Silent War",
        "img": [
            "https://qu.ax/tXokd.jpg",
            "https://qu.ax/cUqHJ.jpg",
            "https://qu.ax/MsQOQ.jpg"
        ],
        "vid": [
            "https://files.catbox.moe/video1_light.mp4",
            "https://files.catbox.moe/video2_light.mp4"
        ],
        "user": null,
        "status": "Libre",
        "votes": 0
    },
    {
        "id": "74",
        "name": "Lina Joo",
        "gender": "Mujer",
        "value": "100",
        "source": "Silent War",
        "img": [
            "https://qu.ax/akjzd.jpg",
            "https://qu.ax/NDTyE.jpg",
            "https://qu.ax/Cpuoa.jpg"
        ],
        "vid": [
            "https://files.catbox.moe/video1_light.mp4",
            "https://files.catbox.moe/video2_light.mp4"
        ],
        "user": null,
        "status": "Libre",
        "votes": 0
    },
    {
        "id": "75",
        "name": "Dia Song",
        "gender": "Mujer",
        "value": "100",
        "source": "Silent War",
        "img": [
            "https://qu.ax/vdLbu.jpg",
            "https://qu.ax/QdvNz.jpg",
            "https://qu.ax/UzVTx.jpg"
        ],
        "vid": [
            "https://files.catbox.moe/video1_light.mp4",
            "https://files.catbox.moe/video2_light.mp4"
        ],
        "user": null,
        "status": "Libre",
        "votes": 0
    },
    {
        "id": "76",
        "name": "Shinobu Kocho",
        "gender": "Mujer",
        "value": "100",
        "source": "Kimetsu No Yaiba",
        "img": [
            "https://qu.ax/MAWsU.jpg",
            "https://qu.ax/RyYsq.jpg",
            "https://qu.ax/MlBiq.jpg"
        ],
        "vid": [
            "https://files.catbox.moe/video1_light.mp4",
            "https://files.catbox.moe/video2_light.mp4"
        ],
        "user": null,
        "status": "Libre",
        "votes": 0
    },
    {
        "id": "77",
        "name": "Zenitsu Agatsuma",
        "gender": "Hombre",
        "value": "100",
        "source": "Kimetsu No Yaiba",
        "img": [
            "https://qu.ax/EMwLJ.jpg",
            "https://qu.ax/WXgmD.jpg",
            "https://qu.ax/SvgVg.jpg"
        ],
        "vid": [
            "https://files.catbox.moe/video1_light.mp4",
            "https://files.catbox.moe/video2_light.mp4"
        ],
        "user": null,
        "status": "Libre",
        "votes": 0
    },
    {
        "id": "78",
        "name": "Kanae Kocho",
        "gender": "Mujer",
        "value": "100",
        "source": "Kimetsu no yaiba",
        "img": [
            "https://qu.ax/JJSeJ.jpg",
            "https://qu.ax/OeASO.jpg",
            "https://qu.ax/Slkdc.jpg"
        ],
        "vid": [
            "https://files.catbox.moe/video1_light.mp4",
            "https://files.catbox.moe/video2_light.mp4"
        ],
        "user": null,
        "status": "Libre",
        "votes": 0
    },
    {
        "id": "79",
        "name": "Gyomei Himejima",
        "gender": "Hombre",
        "value": "100",
        "source": "Kimetsu No Yaiba",
        "img": [
            "https://qu.ax/kXgGy.jpg",
            "https://qu.ax/UmXJO.jpg",
            "https://qu.ax/bUBCu.jpg"
        ],
        "vid": [
            "https://files.catbox.moe/video1_light.mp4",
            "https://files.catbox.moe/video2_light.mp4"
        ],
        "user": null,
        "status": "Libre",
        "votes": 0
    },
    {
        "id": "80",
        "name": "Shoto todoroki",
        "gender": "Hombre",
        "value": "100",
        "source": "Boku no hero",
        "img": [
            "https://qu.ax/gLFUi.jpg",
            "https://qu.ax/abhcn.jpg",
            "https://qu.ax/zobxJ.jpg"
        ],
        "vid": [
            "https://files.catbox.moe/video1_light.mp4",
            "https://files.catbox.moe/video2_light.mp4"
        ],
        "user": null,
        "status": "Libre",
        "votes": 0
    },
    {
        "id": "81",
        "name": "Momo Yaoyorozu",
        "gender": "Mujer",
        "value": "100",
        "source": "Boku no hero",
        "img": [
            "https://qu.ax/FHmgU.jpg",
            "https://qu.ax/cjQBL.jpg",
            "https://qu.ax/zzBcr.jpg"
        ],
        "vid": [
            "https://files.catbox.moe/video1_light.mp4",
            "https://files.catbox.moe/video2_light.mp4"
        ],
        "user": null,
        "status": "Libre",
        "votes": 0
    },
    {
        "id": "82",
        "name": "Dabi",
        "gender": "Hombre",
        "value": "100",
        "source": "Boku no hero",
        "img": [
            "https://qu.ax/ycitV.jpg",
            "https://qu.ax/crUkk.jpg",
            "https://qu.ax/TSEmA.jpg"
        ],
        "vid": [
            "https://files.catbox.moe/video1_light.mp4",
            "https://files.catbox.moe/video2_light.mp4"
        ],
        "user": null,
        "status": "Libre",
        "votes": 0
    },
    {
        "id": "83",
        "name": "Himiko Toga",
        "gender": "Mujer",
        "value": "100",
        "source": "Boku no hero",
        "img": [
            "https://qu.ax/sQKZs.jpg",
            "https://qu.ax/UndSy.jpg",
            "https://qu.ax/iTedh.jpg"
        ],
        "vid": [
            "https://files.catbox.moe/video1_light.mp4",
            "https://files.catbox.moe/video2_light.mp4"
        ],
        "user": null,
        "status": "Libre",
        "votes": 0
    },
    {
        "id": "84",
        "name": "Izuku Midoriya",
        "gender": "Hombre",
        "value": "100",
        "source": "Boku no hero",
        "img": [
            "https://qu.ax/lEFVm.jpg",
            "https://qu.ax/bpMLa.jpg",
            "https://qu.ax/gKKal.jpg"
        ],
        "vid": [
            "https://files.catbox.moe/video1_light.mp4",
            "https://files.catbox.moe/video2_light.mp4"
        ],
        "user": null,
        "status": "Libre",
        "votes": 0
    },
    {
        "id": "85",
        "name": "Ochako Uraraka",
        "gender": "Mujer",
        "value": "100",
        "source": "Boku no hero",
        "img": [
            "https://qu.ax/hhrQx.jpg",
            "https://qu.ax/sTQdX.jpg",
            "https://qu.ax/gpHFD.jpg"
        ],
        "vid": [
            "https://files.catbox.moe/video1_light.mp4",
            "https://files.catbox.moe/video2_light.mp4"
        ],
        "user": null,
        "status": "Libre",
        "votes": 0
    },
    {
        "id": "86",
        "name": "Denki Kaminari",
        "gender": "Hombre",
        "value": "100",
        "source": "Boku no hero",
        "img": [
            "https://qu.ax/ONwAA.jpg",
            "https://qu.ax/csAYg.jpg",
            "https://qu.ax/bHzmz.jpg"
        ],
        "vid": [
            "https://files.catbox.moe/video1_light.mp4",
            "https://files.catbox.moe/video2_light.mp4"
        ],
        "user": null,
        "status": "Libre",
        "votes": 0
    },
    {
        "id": "87",
        "name": "Maki Zenin",
        "gender": "Mujer",
        "value": "100",
        "source":  "Jujutsu Kaisen",
        "img": [
            "https://qu.ax/WrfJy.jpg",
            "https://qu.ax/HSKQB.jpg",
            "https://qu.ax/hAzAw.jpg"
        ],
        "vid": [
            "https://files.catbox.moe/video1_light.mp4",
            "https://files.catbox.moe/video2_light.mp4"
        ],
        "user": null,
        "status": "Libre",
        "votes": 0
    },
    {
        "id": "88",
        "name": "Megumi Fushiguro",
        "gender": "Hombre",
        "value": "100",
        "source": "Jujutsu Kaisen",
        "img": [
            "https://qu.ax/bUFaC.jpg",
            "https://qu.ax/vqXrW.jpg",
            "https://qu.ax/NyLYf.jpg"
        ],
        "vid": [
            "https://files.catbox.moe/video1_light.mp4",
            "https://files.catbox.moe/video2_light.mp4"
        ],
        "user": null,
        "status": "Libre",
        "votes": 0
    },
    {
        "id": "89",
        "name": "Komi-San",
        "gender": "Mujer",
        "value": "100",
        "source": "Komi-san wa, Komyushō desu",
        "img": [
            "https://qu.ax/rDtCo.jpg",
            "https://qu.ax/cAWhv.jpg",
            "https://qu.ax/sSlNZ.jpg"
        ],
        "vid": [
            "https://files.catbox.moe/video1_light.mp4",
            "https://files.catbox.moe/video2_light.mp4"
        ],
        "user": null,
        "status": "Libre",
        "votes": 0
    },
    {
        "id": "90",
        "name": "Suguru Geto",
        "gender": "Hombre",
        "value": "100",
        "source": "Jujutsu Kaisen",
        "img": [
            "https://qu.ax/VNYDF.jpg",
            "https://qu.ax/kEvtN.jpg",
            "https://qu.ax/hratV.jpg"
        ],
        "vid": [
            "https://files.catbox.moe/video1_light.mp4",
            "https://files.catbox.moe/video2_light.mp4"
        ],
        "user": null,
        "status": "Libre",
        "votes": 0
    },
    {
        "id": "91",
        "name": "Kyoko Hori",
        "gender": "Mujer",
        "value": "100",
        "source": "Horimiya",
        "img": [
            "https://qu.ax/EBByp.jpg",
            "https://qu.ax/jXMmL.jpg",
            "https://qu.ax/nvvmV.jpg"
        ],
        "vid": [
            "https://files.catbox.moe/video1_light.mp4",
            "https://files.catbox.moe/video2_light.mp4"
        ],
        "user": null,
        "status": "Libre",
        "votes": 0
    },
    {
        "id": "92",
        "name": "Izumi Miyamura",
        "gender": "Hombre",
        "value": "1000",
        "source": "Horimiya",
        "img": [
            "https://qu.ax/ladhX.jpg",
            "https://qu.ax/taQzY.jpg",
            "https://qu.ax/NTOyE.jpg"
        ],
        "vid": [
            "https://files.catbox.moe/video1_light.mp4",
            "https://files.catbox.moe/video2_light.mp4"
        ],
        "user": null,
        "status": "Libre",
        "votes": 0
    },
    {
        "id": "93",
        "name": "Rio Futaba",
        "gender": "Mujer",
        "value": "100",
        "source": "Seishun Buta Yarou wa Bunny Girl Senpai no Yume wo Minai",
        "img": [
            "https://qu.ax/PaZXQ.jpg",
            "https://qu.ax/xRJqY.jpg",
            "https://qu.ax/iMraT.jpg"
        ],
        "vid": [
            "https://files.catbox.moe/video1_light.mp4",
            "https://files.catbox.moe/video2_light.mp4"
        ],
        "user": null,
        "status": "Libre",
        "votes": 0
    },
    {
        "id": "94",
        "name": "Iguro Obanai",
        "gender": "Hombre",
        "value": "100",
        "source": "Kimetsu No Yaiba",
        "img": [
            "https://qu.ax/zdMom.jpg",
            "https://qu.ax/OZFcL.jpg",
            "https://qu.ax/diLtZ.jpg"
        ],
        "vid": [
            "https://files.catbox.moe/video1_light.mp4",
            "https://files.catbox.moe/video2_light.mp4"
        ],
        "user": null,
        "status": "Libre",
        "votes": 0
    },
    {
        "id": "95",
        "name": "Mai Sakurajima",
        "gender": "Mujer",
        "value": "100",
        "source": "Seishun Buta Yarou wa Bunny Girl Senpai no Yume wo Minai",
        "img": [
            "https://qu.ax/FarLY.jpg",
            "https://qu.ax/avSie.jpg",
            "https://qu.ax/lqjnl.jpg"
        ],
        "vid": [
            "https://files.catbox.moe/video1_light.mp4",
            "https://files.catbox.moe/video2_light.mp4"
        ],
        "user": null,
        "status": "Libre",
        "votes": 0
    },
    {
        "id": "96",
        "name": "Yumeko Jabami",
        "gender": "Mujer",
        "value": "100",
        "source": "Kakegurui",
        "img": [
            "https://qu.ax/yzLNl.jpg",
            "https://qu.ax/zcssO.jpg",
            "https://qu.ax/chNHR.jpg"
        ],
        "vid": [
            "https://files.catbox.moe/video1_light.mp4",
            "https://files.catbox.moe/video2_light.mp4"
        ],
        "user": null,
        "status": "Libre",
        "votes": 0
    },
    {
        "id": "97",
        "name": "Diane",
        "gender": "Mujer",
        "value": "100",
        "source": "Nanatsu no Taizai",
        "img": [
            "https://qu.ax/oavuc.jpg",
            "https://qu.ax/xrojt.jpg",
            "https://qu.ax/mKPUo.jpg"
        ],
        "vid": [
            "https://files.catbox.moe/video1_light.mp4",
            "https://files.catbox.moe/video2_light.mp4"
        ],
        "user": null,
        "status": "Libre",
        "votes": 0
    },
    {
        "id": "98",
        "name": "Killua Zoldyck",
        "gender": "Hombre",
        "value": "100",
        "source": "Hunter x Hunter",
        "img": [
            "https://qu.ax/ECRdk.jpg",
            "https://qu.ax/webmM.jpg",
            "https://qu.ax/VRwbH.jpg"
        ],
        "vid": [
            "https://files.catbox.moe/video1_light.mp4",
            "https://files.catbox.moe/video2_light.mp4"
        ],
        "user": null,
        "status": "Libre",
        "votes": 0
    },
    {
        "id": "99",
        "name": "Itachi Uchiha",
        "gender": "Hombre",
        "value": "100",
        "source": "Naruto",
        "img": [
            "https://qu.ax/xwiQf.jpg",
            "https://qu.ax/JPTQo.jpg",
            "https://qu.ax/BStRH.jpg"
        ],
        "vid": [
            "https://files.catbox.moe/video1_light.mp4",
            "https://files.catbox.moe/video2_light.mp4"
        ],
        "user": null,
        "status": "Libre",
        "votes": 0
    },
    {
        "id": "100",
        "name": "Hinata Hyuga",
        "gender": "Mujer",
        "value": "100",
        "source": "Naruto",
        "img": [
            "https://qu.ax/YkpZq.jpg",
            "https://qu.ax/HNdSg.jpg",
            "https://qu.ax/cAMEx.jpg"
        ],
        "vid": [
            "https://files.catbox.moe/video1_light.mp4",
            "https://files.catbox.moe/video2_light.mp4"
        ],
        "user": null,
        "status": "Libre",
        "votes": 0
    },
    {
        "id": "101",
        "name": "Levi Ackerman",
        "gender": "Hombre",
        "value": "100",
        "source": "Attack on titan",
        "img": [
            "https://qu.ax/sLnYt.jpg",
            "https://qu.ax/eFTlK.jpg",
            "https://qu.ax/nAWna.jpg"
        ],
        "vid": [
            "https://files.catbox.moe/video1_light.mp4",
            "https://files.catbox.moe/video2_light.mp4"
        ],
        "user": null,
        "status": "Libre",
        "votes": 0
    },
    {
        "id": "102",
        "name": "Albedo",
        "gender": "Mujer",
        "value": "1000",
        "source": "Overlord",
        "img": [
            "https://qu.ax/mUOLA.jpg",
            "https://qu.ax/FMcXp.jpg",
            "https://qu.ax/lwika.jpg"
        ],
        "vid": [
            "https://files.catbox.moe/video1_light.mp4",
            "https://files.catbox.moe/video2_light.mp4"
        ],
        "user": null,
        "status": "Libre",
        "votes": 0
    },
    {
        "id": "103",
        "name": "Lawliet",
        "gender": "Hombre",
        "value": "100",
        "source": "Death Note",
        "img": [
            "https://qu.ax/YHcoN.jpg",
            "https://qu.ax/qtikM.jpg",
            "https://qu.ax/xhrlG.jpg"
        ],
        "vid": [
            "https://files.catbox.moe/video1_light.mp4",
            "https://files.catbox.moe/video2_light.mp4"
        ],
        "user": null,
        "status": "Libre",
        "votes": 0
    },
    {
        "id": "104",
        "name": "Hatsune Miku",
        "gender": "Mujer",
        "value": "100",
        "source": "Project DIVA",
        "img": [
            "Enlace 1",
            "Enlace hot",
            " Enlace 2"
        ],
        "vid": [
            "https://files.catbox.moe/video1_light.mp4",
            "https://files.catbox.moe/video2_light.mp4"
        ],
        "user": null,
        "status": "Libre",
        "votes": 0
    },
    {
        "id": "105",
        "name": "Tomoe",
        "gender": "genero",
        "value": "100",
        "source": "Kamisama Hajimemashita",
        "img": [
            "https://qu.ax/ZauAS.jpg",
            "https://qu.ax/tomJN.jpg",
            "https://qu.ax/OkSYw.jpg"
        ],
        "vid": [
            "https://files.catbox.moe/video1_light.mp4",
            "https://files.catbox.moe/video2_light.mp4"
        ],
        "user": null,
        "status": "Libre",
        "votes": 0
    },
    {
        "id": "106",
        "name": "Akane Kurokawa",
        "gender": "Mujer",
        "value": "100",
        "source": "Oshi no ko",
        "img": [
            "https://qu.ax/AlKQi.jpg",
            "https://qu.ax/RRQem.jpg",
            "https://qu.ax/aWOry.jpg"
        ],
        "vid": [
            "https://files.catbox.moe/video1_light.mp4",
            "https://files.catbox.moe/video2_light.mp4"
        ],
        "user": null,
        "status": "Libre",
        "votes": 0
    },
    {
        "id": "107",
        "name": "Akito Yamada",
        "gender": "Hombre",
        "value": "100",
        "source": "Yamada Kun to lvl999",
        "img": [
            "https://qu.ax/vlptl.jpg",
            "https://qu.ax/SJqLd.jpg",
            "https://qu.ax/RxJoH.jpg"
        ],
        "vid": [
            "https://files.catbox.moe/video1_light.mp4",
            "https://files.catbox.moe/video2_light.mp4"
        ],
        "user": null,
        "status": "Libre",
        "votes": 0
    },
    {
        "id": "108",
        "name": "Manjiro Sano",
        "gender": "Hombre",
        "value": "100",
        "source": "Tokyo Revengers",
        "img": [
            "https://qu.ax/uQfkz.jpg",
            "https://qu.ax/osgpy.jpg",
            "https://qu.ax/osgpy.jpg"
        ],
        "vid": [
            "https://files.catbox.moe/video1_light.mp4",
            "https://files.catbox.moe/video2_light.mp4"
        ],
        "user": null,
        "status": "Libre",
        "votes": 0
    },
    {
        "id": "109",
        "name": "Marín Kitagawa",
        "gender": "Mujer",
        "value": "100",
        "source": "My dress-up darling",
        "img": [
            "https://qu.ax/DDQxE.jpg",
            "https://qu.ax/ZRFNk.jpg",
            "https://qu.ax/pXjGy.jpg"
        ],
        "vid": [
            "https://files.catbox.moe/video1_light.mp4",
            "https://files.catbox.moe/video2_light.mp4"
        ],
        "user": null,
        "status": "Libre",
        "votes": 0
    },
    {
        "id": "110",
        "name": "Kento Nanami",
        "gender": "Hombre",
        "value": "100",
        "source": "Jujutsu Kaisen",
        "img": [
            "https://qu.ax/AgYTS.jpg",
            "https://qu.ax/mPKgO.jpg",
            "https://qu.ax/wTnlX.jpg"
        ],
        "vid": [
            "https://files.catbox.moe/video1_light.mp4",
            "https://files.catbox.moe/video2_light.mp4"
        ],
        "user": null,
        "status": "Libre",
        "votes": 0
    },
    {
        "id": "111",
        "name": "Yuki Tsukumo",
        "gender": "Mujer",
        "value": "100",
        "source": "Jujutsu Kaisen",
        "img": [
            "https://qu.ax/YYfzY.jpg",
            "https://qu.ax/mbGKV.jpg",
            "https://qu.ax/uCNJC.jpg"
        ],
        "vid": [
            "https://files.catbox.moe/video1_light.mp4",
            "https://files.catbox.moe/video2_light.mp4"
        ],
        "user": null,
        "status": "Libre",
        "votes": 0
    },
    {
        "id": "112",
        "name": "Mitsuri Kanroji",
        "gender": "Mujer",
        "value": "100",
        "source": "Kimetsu No Yaiba",
        "img": [
            "https://qu.ax/QfiPE.jpg",
            "https://qu.ax/jmPCD.jpg",
            "https://qu.ax/zVwyb.jpg"
        ],
        "vid": [
            "https://files.catbox.moe/video1_light.mp4",
            "https://files.catbox.moe/video2_light.mp4"
        ],
        "user": null,
        "status": "Libre",
        "votes": 0
    },
    {
        "id": "113",
        "name": "Mao Mao",
        "gender": "Mujer",
        "value": "100",
        "source": "Kusuriya no Hitorigoto",
        "img": [
            "https://qu.ax/DSWxX.jpg",
            "https://qu.ax/DBHBV.jpg",
            "https://qu.ax/EGOYf.jpg"
        ],
        "vid": [
            "https://files.catbox.moe/video1_light.mp4",
            "https://files.catbox.moe/video2_light.mp4"
        ],
        "user": null,
        "status": "Libre",
        "votes": 0
    },
    {
        "id": "114",
        "name": "Daki",
        "gender": "Mujer",
        "value": "100",
        "source": "Kimetsu No Yaiba",
        "img": [
            "https://qu.ax/OHAMH.jpg",
            "https://qu.ax/Amtjh.jpg",
            "https://qu.ax/KEnJv.jpg"
        ],
        "vid": [
            "https://files.catbox.moe/video1_light.mp4",
            "https://files.catbox.moe/video2_light.mp4"
        ],
        "user": null,
        "status": "Libre",
        "votes": 0
    },
    {
        "id": "115",
        "name": "Yor Forger",
        "gender": "Mujer",
        "value": "100",
        "source": "SPY X FAMILY",
        "img": [
            "https://qu.ax/BGUnc.jpg",
            "https://qu.ax/hEcMG.jpg",
            "https://qu.ax/TPNLQ.jpg"
        ],
        "vid": [
            "https://files.catbox.moe/video1_light.mp4",
            "https://files.catbox.moe/video2_light.mp4"
        ],
        "user": null,
        "status": "Libre",
        "votes": 0
    },
    {
        "id": "116",
        "name": "Tsunade Senju",
        "gender": "Mujer",
        "value": "100",
        "source": "Naruto",
        "img": [
            "https://qu.ax/ZjHDm.jpg",
            "https://qu.ax/lSznB.jpg",
            "https://qu.ax/lBcJx.jpg"
        ],
        "vid": [
            "https://files.catbox.moe/video1_light.mp4",
            "https://files.catbox.moe/video2_light.mp4"
        ],
        "user": null,
        "status": "Libre",
        "votes": 0
    },
    {
        "id": "117",
        "name": "Sakura Haruno",
        "gender": "Mujer",
        "value": "100",
        "source": "Naruto",
        "img": [
            "https://qu.ax/oeaSn.jpg",
            "https://qu.ax/Tcsgm.jpg",
            "https://qu.ax/yjWaA.jpg"
        ],
        "vid": [
            "https://files.catbox.moe/video1_light.mp4",
            "https://files.catbox.moe/video2_light.mp4"
        ],
        "user": null,
        "status": "Libre",
        "votes": 0
    }
]